{
    "name": "SkyParameter(Clone)",
    "frontScaleAndOffset": {
        "scale": {
            "x": -0.4950000047683716,
            "y": 0.4950000047683716
        },
        "offset": {
            "x": 0.5015000104904175,
            "y": 0.5
        }
    },
    "backScaleAndOffset": {
        "scale": {
            "x": 0.4950000047683716,
            "y": 0.4950000047683716
        },
        "offset": {
            "x": 0.49799999594688418,
            "y": 0.5019999742507935
        }
    },
    "leftScaleAndOffset": {
        "scale": {
            "x": 0.4950000047683716,
            "y": 0.4950000047683716
        },
        "offset": {
            "x": 0.001500000013038516,
            "y": 0.5
        }
    },
    "rightScaleAndOffset": {
        "scale": {
            "x": -0.4950000047683716,
            "y": 0.4950000047683716
        },
        "offset": {
            "x": -0.0020000000949949028,
            "y": 0.5019999742507935
        }
    },
    "upScaleAndOffset": {
        "scale": {
            "x": -0.4950000047683716,
            "y": -0.4950000047683716
        },
        "offset": {
            "x": -0.0010000000474974514,
            "y": 0.4975000023841858
        }
    },
    "downScaleAndOffset": {
        "scale": {
            "x": 0.4950000047683716,
            "y": 0.4950000047683716
        },
        "offset": {
            "x": 0.0020000000949949028,
            "y": 0.0020000000949949028
        }
    },
    "skyTextures": [
        "",
        "data/sky/sky1.bmp",
        "data/sky/sky2.bmp",
        "data/sky/sky3.bmp",
        "data/sky/sky4.bmp",
        "data/sky/sky5.bmp"
    ]
}